zdrojová stránka,cílová stránka
https://leonholub.cz/,https://www.linkedin.com/in/leon-holub-8a9b991b6/
https://leonholub.cz/,https://www.instagram.com/leonholub/
https://leonholub.cz/,https://www.facebook.com/leon.holub.5
https://leonholub.cz/,https://leonholub.cz/Prispevek/system-pro-spravu-autobazaru
https://leonholub.cz/,https://leonholub.cz/Prispevek/doctus
https://leonholub.cz/,https://leonholub.cz/Prispevek/ballgame
https://leonholub.cz/,https://leonholub.cz/Prispevky
https://leonholub.cz/,https://leonholub.cz/
https://leonholub.cz/Prispevek/system-pro-spravu-autobazaru,https://www.linkedin.com/in/leon-holub-8a9b991b6/
https://leonholub.cz/Prispevek/system-pro-spravu-autobazaru,https://www.instagram.com/leonholub/
https://leonholub.cz/Prispevek/system-pro-spravu-autobazaru,https://www.facebook.com/leon.holub.5
https://leonholub.cz/Prispevek/system-pro-spravu-autobazaru,https://leonholub.cz/Prispevky
https://leonholub.cz/Prispevek/system-pro-spravu-autobazaru,https://www.autobazardrabek.cz/
https://leonholub.cz/Prispevek/doctus,https://www.linkedin.com/in/leon-holub-8a9b991b6/
https://leonholub.cz/Prispevek/doctus,https://www.instagram.com/leonholub/
https://leonholub.cz/Prispevek/doctus,https://www.facebook.com/leon.holub.5
https://leonholub.cz/Prispevek/doctus,https://leonholub.cz/Prispevky
https://leonholub.cz/Prispevek/doctus,https://doctus.leonholub.cz/
https://leonholub.cz/Prispevek/ballgame,https://www.linkedin.com/in/leon-holub-8a9b991b6/
https://leonholub.cz/Prispevek/ballgame,https://www.instagram.com/leonholub/
https://leonholub.cz/Prispevek/ballgame,https://www.facebook.com/leon.holub.5
https://leonholub.cz/Prispevek/ballgame,https://leonholub.cz/Prispevky
https://leonholub.cz/Prispevek/ballgame,https://ballgame.leonholub.cz/
https://leonholub.cz/Prispevky,https://www.linkedin.com/in/leon-holub-8a9b991b6/
https://leonholub.cz/Prispevky,https://www.instagram.com/leonholub/
https://leonholub.cz/Prispevky,https://www.facebook.com/leon.holub.5
https://leonholub.cz/Prispevky,https://leonholub.cz/
https://leonholub.cz/Prispevky,https://leonholub.cz/Prispevek/system-pro-spravu-autobazaru
https://leonholub.cz/Prispevky,https://leonholub.cz/Prispevek/doctus
https://leonholub.cz/Prispevky,https://leonholub.cz/Prispevek/ballgame
https://leonholub.cz/Prispevky,https://leonholub.cz/Prispevek/e-shop-na-holuba
https://leonholub.cz/Prispevky,https://leonholub.cz/Prispevek/filmmaker-tycoon
https://leonholub.cz/Prispevky,https://leonholub.cz/Prispevek/stredni-skola-baltaci
https://leonholub.cz/Prispevky,https://leonholub.cz/Prispevek/crea-tv
https://www.autobazardrabek.cz/,https://www.autobazardrabek.cz/kontakt
https://www.autobazardrabek.cz/,https://www.facebook.com/autobazardrabek
https://www.autobazardrabek.cz/,https://www.instagram.com/autobazar_drabek
https://www.autobazardrabek.cz/,https://g.page/drabekkm?share
https://www.autobazardrabek.cz/,https://www.autobazardrabek.cz/
https://www.autobazardrabek.cz/,https://www.autobazardrabek.cz/vyhledavac-vozidel
https://www.autobazardrabek.cz/,https://www.autobazardrabek.cz/vykup
https://www.autobazardrabek.cz/,https://www.autobazardrabek.cz/stranka/Pojisteni
https://www.autobazardrabek.cz/,https://www.autobazardrabek.cz/stranka/Financovani
https://www.autobazardrabek.cz/,https://www.autobazardrabek.cz/default/contact
https://www.autobazardrabek.cz/,https://www.autobazardrabek.cz/detail-vozu/169
https://www.autobazardrabek.cz/,https://www.autobazardrabek.cz/detail-vozu/311
https://www.autobazardrabek.cz/,https://www.autobazardrabek.cz/detail-vozu/466
https://www.autobazardrabek.cz/,https://www.autobazardrabek.cz/detail-vozu/651
https://www.autobazardrabek.cz/,https://www.autobazardrabek.cz/detail-vozu/671
https://www.autobazardrabek.cz/,https://www.autobazardrabek.cz/detail-vozu/714
https://www.autobazardrabek.cz/,https://www.autobazardrabek.cz/detail-vozu/721
https://www.autobazardrabek.cz/,https://www.autobazardrabek.cz/stranka/pojisteni
https://www.autobazardrabek.cz/,https://www.autobazardrabek.cz/stranka/Nakladani-s-osobnimi-udaji
https://www.autobazardrabek.cz/,https://www.autobazardrabek.cz/prihlaseni
https://www.autobazardrabek.cz/,https://www.leonholub.cz/
https://www.autobazardrabek.cz/,https://www.autobazardrabek.cz/?accept=1&do=acceptCookies
https://doctus.leonholub.cz/,https://doctus.leonholub.cz/register
https://doctus.leonholub.cz/,https://doctus.leonholub.cz/login.php
https://doctus.leonholub.cz/,https://doctus.leonholub.cz/#login_window
https://doctus.leonholub.cz/,https://doctus.leonholub.cz/register.php
https://doctus.leonholub.cz/,https://doctus.leonholub.cz/jaktofunguje.php
https://doctus.leonholub.cz/,https://doctus.leonholub.cz/#zapomenuteheslo
https://doctus.leonholub.cz/,https://doctus.leonholub.cz/login
https://doctus.leonholub.cz/,https://doctus.leonholub.cz/index.php
https://doctus.leonholub.cz/,https://doctus.leonholub.cz/registrace
https://doctus.leonholub.cz/,https://doctus.leonholub.cz/jaktofunguje
https://ballgame.leonholub.cz/,https://ballgame.leonholub.cz/#stazeni
https://ballgame.leonholub.cz/,https://ballgame.leonholub.cz/game/BallGame_Windows.zip
https://ballgame.leonholub.cz/,https://ballgame.leonholub.cz/game/BallGame_MacOs.zip
https://ballgame.leonholub.cz/,http://leonholub.cz
https://leonholub.cz/Prispevek/e-shop-na-holuba,https://www.linkedin.com/in/leon-holub-8a9b991b6/
https://leonholub.cz/Prispevek/e-shop-na-holuba,https://www.instagram.com/leonholub/
https://leonholub.cz/Prispevek/e-shop-na-holuba,https://www.facebook.com/leon.holub.5
https://leonholub.cz/Prispevek/e-shop-na-holuba,https://leonholub.cz/Prispevky
https://leonholub.cz/Prispevek/e-shop-na-holuba,https://eshop.leonholub.cz/
https://leonholub.cz/Prispevek/filmmaker-tycoon,https://www.linkedin.com/in/leon-holub-8a9b991b6/
https://leonholub.cz/Prispevek/filmmaker-tycoon,https://www.instagram.com/leonholub/
https://leonholub.cz/Prispevek/filmmaker-tycoon,https://www.facebook.com/leon.holub.5
https://leonholub.cz/Prispevek/filmmaker-tycoon,https://leonholub.cz/Prispevky
https://leonholub.cz/Prispevek/filmmaker-tycoon,http://filmmakertycoon.leonholub.cz
https://leonholub.cz/Prispevek/stredni-skola-baltaci,https://www.linkedin.com/in/leon-holub-8a9b991b6/
https://leonholub.cz/Prispevek/stredni-skola-baltaci,https://www.instagram.com/leonholub/
https://leonholub.cz/Prispevek/stredni-skola-baltaci,https://www.facebook.com/leon.holub.5
https://leonholub.cz/Prispevek/stredni-skola-baltaci,https://leonholub.cz/Prispevky
https://leonholub.cz/Prispevek/stredni-skola-baltaci,https://web.archive.org/web/20211208190159/http://skolabaltaci.cz/
https://leonholub.cz/Prispevek/stredni-skola-baltaci,https://web.archive.org/web/20181227040016/http://skolabaltaci.cz/
https://leonholub.cz/Prispevek/crea-tv,https://www.linkedin.com/in/leon-holub-8a9b991b6/
https://leonholub.cz/Prispevek/crea-tv,https://www.instagram.com/leonholub/
https://leonholub.cz/Prispevek/crea-tv,https://www.facebook.com/leon.holub.5
https://leonholub.cz/Prispevek/crea-tv,https://leonholub.cz/Prispevky
https://leonholub.cz/Prispevek/crea-tv,https://creatv.leonholub.cz
