URL,PageRank
https://www.linkedin.com/in/leon-holub-8a9b991b6/,0.0407460072968904
https://www.instagram.com/leonholub/,0.0407460072968904
https://www.facebook.com/leon.holub.5,0.0407460072968904
https://leonholub.cz/Prispevky,0.03782309503571306
https://leonholub.cz/,0.019473535844768415
https://leonholub.cz/Prispevek/system-pro-spravu-autobazaru,0.019473535844768415
https://leonholub.cz/Prispevek/doctus,0.019473535844768415
https://leonholub.cz/Prispevek/ballgame,0.019473535844768415
https://www.autobazardrabek.cz/,0.018507067558504453
https://ballgame.leonholub.cz/#stazeni,0.01826249406171969
https://ballgame.leonholub.cz/game/BallGame_Windows.zip,0.01826249406171969
https://ballgame.leonholub.cz/game/BallGame_MacOs.zip,0.01826249406171969
http://leonholub.cz,0.01826249406171969
https://doctus.leonholub.cz/,0.017792013602629324
https://ballgame.leonholub.cz/,0.017792013602629324
https://eshop.leonholub.cz/,0.017440253601088026
http://filmmakertycoon.leonholub.cz,0.017440253601088026
https://creatv.leonholub.cz,0.017440253601088026
https://leonholub.cz/Prispevek/e-shop-na-holuba,0.01740455247970467
https://leonholub.cz/Prispevek/filmmaker-tycoon,0.01740455247970467
https://leonholub.cz/Prispevek/stredni-skola-baltaci,0.01740455247970467
https://leonholub.cz/Prispevek/crea-tv,0.01740455247970467
https://web.archive.org/web/20211208190159/http://skolabaltaci.cz/,0.016947151370661242
https://web.archive.org/web/20181227040016/http://skolabaltaci.cz/,0.016947151370661242
https://doctus.leonholub.cz/register,0.01599398175580427
https://doctus.leonholub.cz/login.php,0.01599398175580427
https://doctus.leonholub.cz/#login_window,0.01599398175580427
https://doctus.leonholub.cz/register.php,0.01599398175580427
https://doctus.leonholub.cz/jaktofunguje.php,0.01599398175580427
https://doctus.leonholub.cz/#zapomenuteheslo,0.01599398175580427
https://doctus.leonholub.cz/login,0.01599398175580427
https://doctus.leonholub.cz/index.php,0.01599398175580427
https://doctus.leonholub.cz/registrace,0.01599398175580427
https://doctus.leonholub.cz/jaktofunguje,0.01599398175580427
https://www.autobazardrabek.cz/kontakt,0.015196694174402461
https://www.facebook.com/autobazardrabek,0.015196694174402461
https://www.instagram.com/autobazar_drabek,0.015196694174402461
https://g.page/drabekkm?share,0.015196694174402461
https://www.autobazardrabek.cz/vyhledavac-vozidel,0.015196694174402461
https://www.autobazardrabek.cz/vykup,0.015196694174402461
https://www.autobazardrabek.cz/stranka/Pojisteni,0.015196694174402461
https://www.autobazardrabek.cz/stranka/Financovani,0.015196694174402461
https://www.autobazardrabek.cz/default/contact,0.015196694174402461
https://www.autobazardrabek.cz/detail-vozu/169,0.015196694174402461
https://www.autobazardrabek.cz/detail-vozu/311,0.015196694174402461
https://www.autobazardrabek.cz/detail-vozu/466,0.015196694174402461
https://www.autobazardrabek.cz/detail-vozu/651,0.015196694174402461
https://www.autobazardrabek.cz/detail-vozu/671,0.015196694174402461
https://www.autobazardrabek.cz/detail-vozu/714,0.015196694174402461
https://www.autobazardrabek.cz/detail-vozu/721,0.015196694174402461
https://www.autobazardrabek.cz/stranka/pojisteni,0.015196694174402461
https://www.autobazardrabek.cz/stranka/Nakladani-s-osobnimi-udaji,0.015196694174402461
https://www.autobazardrabek.cz/prihlaseni,0.015196694174402461
https://www.leonholub.cz/,0.015196694174402461
https://www.autobazardrabek.cz/?accept=1&do=acceptCookies,0.015196694174402461
